{
  "model_file": "forward_model.pth",
  "created_at": "2026-02-11T03:37:20.234029",
  "train_dataset": "C:\\Users\\Dylan\\projects\\transformer-portfolio\\outputs\\datasets\\dataset_20260205_230400\\russell1000_20260205_210619_train.pkl",
  "eval_dataset": "C:\\Users\\Dylan\\projects\\transformer-portfolio\\outputs\\datasets\\dataset_20260205_230400\\russell1000_20260205_210619_eval.pkl",
  "hyperparameters": {
    "alpha": 0.015625,
    "batch_size": 2048,
    "num_epochs": 16,
    "num_layers": 1,
    "num_heads": 2,
    "units_hidden": 16,
    "dropout": 0,
    "lambda_l2": 9.5367431640625e-07,
    "lambda_mu": 1,
    "loss_type": "nll"
  },
  "performance": {
    "losses": {
      "train": [
        -0.9460732402184453,
        -1.7507770632704098,
        -1.8346078103551497,
        -1.8527181054919193,
        -1.8457053813796778,
        -1.847983446258765,
        -1.848023337049362,
        -1.8460500354950244,
        -1.843141836615709,
        -1.8485855849889608,
        -1.8486576997316801,
        -1.85311775883803,
        -1.8417685904946082,
        -1.8485980030053701,
        -1.848470746133572,
        -1.848525957419322
      ],
      "eval": [
        -1.6879584055680494,
        -1.465779986136999,
        -1.7347263209840171,
        -0.7640425873617841,
        -1.6962350219742865,
        -1.0995418113521023,
        -1.6441611693455622,
        -1.7265101874995434,
        -1.3249594686377761,
        -1.6473134317968645,
        -1.7489862910702698,
        -1.7466981298903115,
        -1.5933593725546813,
        -1.6836888382577488,
        -1.7106862475729396,
        -1.7280112219671917
      ]
    }
  },
  "num_parameters": 3986
}